dates,headlines,links,site
"August 23, 2020",March Capital Launches $60M Gaming Fund,https://www.finsmes.com/2020/08/march-capital-launches-60m-gaming-fund.html,FINSMES : Real Time VC & Private Equity Deals and News
"August 23, 2020",Seth Rodsky Launches Spotlight Brands,https://www.finsmes.com/2020/08/seth-rodsky-launches-spotlight-brands.html,FINSMES : Real Time VC & Private Equity Deals and News
"August 23, 2020",Hg Leads Further Majority investment in Visma; Company valued at US$12.2 Billion,https://www.finsmes.com/2020/08/hg-leads-further-majority-investment-in-visma-company-valued-at-us12-2-billion.html,FINSMES : Real Time VC & Private Equity Deals and News
"August 23, 2020",Experity Acquires Calibrater Health,https://www.finsmes.com/2020/08/experity-acquires-calibrater-health.html,FINSMES : Real Time VC & Private Equity Deals and News
"August 23, 2020",Craft Raises $10M in Series A Funding,https://www.finsmes.com/2020/08/craft-raises-10m-in-series-a-funding.html,FINSMES : Real Time VC & Private Equity Deals and News
"August 23, 2020",FarEye Raises Additional $13M in Series D Funding,https://www.finsmes.com/2020/08/fareye-raises-additional-13m-in-series-d-funding.html,FINSMES : Real Time VC & Private Equity Deals and News
"August 23, 2020",CredoLab Raises $7M in Series A Funding,https://www.finsmes.com/2020/08/credolab-raises-7m-in-series-a-funding.html,FINSMES : Real Time VC & Private Equity Deals and News
"August 23, 2020",Lambda School Raises $74M in Series C Funding,https://www.finsmes.com/2020/08/lambda-school-raises-74m-in-series-c-funding.html,FINSMES : Real Time VC & Private Equity Deals and News
"August 22, 2020",Nanox Announces Pricing of Upsized IPO,https://www.finsmes.com/2020/08/nanox-announces-pricing-of-upsized-ipo.html,FINSMES : Real Time VC & Private Equity Deals and News
"August 22, 2020",Lead School Raises $28M in Series C Funding,https://www.finsmes.com/2020/08/lead-school-raises-28m-in-series-c-funding.html,FINSMES : Real Time VC & Private Equity Deals and News
"August 21, 2020",Octane AI Raises $4.25M in Funding,https://www.finsmes.com/2020/08/octane-ai-raises-4-25m-in-funding.html,FINSMES : Real Time VC & Private Equity Deals and News
"August 21, 2020",Klara Raises $15M in Funding,https://www.finsmes.com/2020/08/klara-raises-15m-in-funding.html,FINSMES : Real Time VC & Private Equity Deals and News
"August 21, 2020",Benefits Of Getting a Loan From Direct Lenders,https://www.finsmes.com/2020/08/benefits-of-getting-a-loan-from-direct-lenders.html,FINSMES : Real Time VC & Private Equity Deals and News
"August 21, 2020",What is Forex Risk and How Can Your Business Manage It?,https://www.finsmes.com/2020/08/what-is-forex-risk-and-how-can-your-business-manage-it.html,FINSMES : Real Time VC & Private Equity Deals and News
"August 21, 2020",Chinook Therapeutics Raises $106M in Funding,https://www.finsmes.com/2020/08/chinook-therapeutics-raises-106m-in-funding.html,FINSMES : Real Time VC & Private Equity Deals and News
dates,headlines,links,site
"August 23, 2020",March Capital Launches $60M Gaming Fund,https://www.finsmes.com/2020/08/march-capital-launches-60m-gaming-fund.html,FINSMES : Real Time VC & Private Equity Deals and News
"August 23, 2020",Seth Rodsky Launches Spotlight Brands,https://www.finsmes.com/2020/08/seth-rodsky-launches-spotlight-brands.html,FINSMES : Real Time VC & Private Equity Deals and News
"August 23, 2020",Hg Leads Further Majority investment in Visma; Company valued at US$12.2 Billion,https://www.finsmes.com/2020/08/hg-leads-further-majority-investment-in-visma-company-valued-at-us12-2-billion.html,FINSMES : Real Time VC & Private Equity Deals and News
"August 23, 2020",Experity Acquires Calibrater Health,https://www.finsmes.com/2020/08/experity-acquires-calibrater-health.html,FINSMES : Real Time VC & Private Equity Deals and News
"August 23, 2020",Craft Raises $10M in Series A Funding,https://www.finsmes.com/2020/08/craft-raises-10m-in-series-a-funding.html,FINSMES : Real Time VC & Private Equity Deals and News
"August 23, 2020",FarEye Raises Additional $13M in Series D Funding,https://www.finsmes.com/2020/08/fareye-raises-additional-13m-in-series-d-funding.html,FINSMES : Real Time VC & Private Equity Deals and News
"August 23, 2020",CredoLab Raises $7M in Series A Funding,https://www.finsmes.com/2020/08/credolab-raises-7m-in-series-a-funding.html,FINSMES : Real Time VC & Private Equity Deals and News
"August 23, 2020",Lambda School Raises $74M in Series C Funding,https://www.finsmes.com/2020/08/lambda-school-raises-74m-in-series-c-funding.html,FINSMES : Real Time VC & Private Equity Deals and News
"August 22, 2020",Nanox Announces Pricing of Upsized IPO,https://www.finsmes.com/2020/08/nanox-announces-pricing-of-upsized-ipo.html,FINSMES : Real Time VC & Private Equity Deals and News
"August 22, 2020",Lead School Raises $28M in Series C Funding,https://www.finsmes.com/2020/08/lead-school-raises-28m-in-series-c-funding.html,FINSMES : Real Time VC & Private Equity Deals and News
"August 21, 2020",Octane AI Raises $4.25M in Funding,https://www.finsmes.com/2020/08/octane-ai-raises-4-25m-in-funding.html,FINSMES : Real Time VC & Private Equity Deals and News
"August 21, 2020",Klara Raises $15M in Funding,https://www.finsmes.com/2020/08/klara-raises-15m-in-funding.html,FINSMES : Real Time VC & Private Equity Deals and News
"August 21, 2020",Benefits Of Getting a Loan From Direct Lenders,https://www.finsmes.com/2020/08/benefits-of-getting-a-loan-from-direct-lenders.html,FINSMES : Real Time VC & Private Equity Deals and News
"August 21, 2020",What is Forex Risk and How Can Your Business Manage It?,https://www.finsmes.com/2020/08/what-is-forex-risk-and-how-can-your-business-manage-it.html,FINSMES : Real Time VC & Private Equity Deals and News
"August 21, 2020",Chinook Therapeutics Raises $106M in Funding,https://www.finsmes.com/2020/08/chinook-therapeutics-raises-106m-in-funding.html,FINSMES : Real Time VC & Private Equity Deals and News
